igenome	isuperkingdom	ikingdom	iclade	iphylum	iclass	iorder	ifamily	igenus	ispecies	genome	superkingdom	kingdom	clade	phylum	class	order	family	genus	species
G000251165	0	2	0	1224	29547	213849	72294	194	197	G000251165		Bacteria		Proteobacteria	Epsilonproteobacteria	Campylobacterales	Campylobacteraceae	Campylobacter	Campylobacter jejuni
G000307585	0	2	1783272	1239	186801	68295	543371	28895	28896	G000307585		Bacteria	Terrabacteria group	Firmicutes	Clostridia	Thermoanaerobacterales	Thermoanaerobacterales Family III. Incertae Sedis	Thermoanaerobacterium	Thermoanaerobacterium saccharolyticum
G000308255	0	2	1783272	1239	1737404	1737405	1570339	165779	1465826	G000308255		Bacteria	Terrabacteria group	Firmicutes	Tissierellia	Tissierellales	Peptoniphilaceae	Anaerococcus	Anaerococcus pacaensis
G000312325	0	2	1783272	1239	186801	186802	543314	1715793	938278	G000312325		Bacteria	Terrabacteria group	Firmicutes	Clostridia	Clostridiales	Clostridiales Family XIII. Incertae Sedis	Casaltella	Casaltella massiliensis
G000431375	0	2	1783272	1239	186801	186802	31979	1485	1262832	G000431375		Bacteria	Terrabacteria group	Firmicutes	Clostridia	Clostridiales	Clostridiaceae	Clostridium	Clostridium sp. CAG:7
G000431435	0	2	1783272	1239	909932	1843489	31977	29465	1262980	G000431435		Bacteria	Terrabacteria group	Firmicutes	Negativicutes	Veillonellales	Veillonellaceae	Veillonella	Veillonella sp. CAG:933
G000508525	0	2	1783272	1239	909932	1843489	31977	909928	620903	G000508525		Bacteria	Terrabacteria group	Firmicutes	Negativicutes	Veillonellales	Veillonellaceae	Negativicoccus	Negativicoccus succinicivorans
G000743035	0	2	0	1224	28211	1921002	2100208	2100211	244581	G000743035		Bacteria		Proteobacteria	Alphaproteobacteria	Holosporales	Caedimonadaceae	Candidatus Paracaedimonas	Candidatus Paracaedimonas acanthamoebae
G000773465	0	2	1783270	976	117743	200644	49546	308865	1117645	G000773465		Bacteria	FCB group	Bacteroidetes	Flavobacteriia	Flavobacteriales	Flavobacteriaceae	Elizabethkingia	Elizabethkingia anophelis
G000801625	0	2	1783270	976	117743	200644	49546	237	96345	G000801625		Bacteria	FCB group	Bacteroidetes	Flavobacteriia	Flavobacteriales	Flavobacteriaceae	Flavobacterium	Flavobacterium psychrophilum
G000980455	0	2	1783272	1239	186801	186802	31984	2697	1637507	G000980455		Bacteria	Terrabacteria group	Firmicutes	Clostridia	Clostridiales	Heliobacteriaceae	Heliobacterium	Heliobacterium sp. N15.MGS-306
G001045525	0	2	1783270	65842	1860136	1860137	1860138	1860139	1008392	G001045525		Bacteria	FCB group	Fibrobacteres	Chitinispirillia	Chitinispirillales	Chitinispirillaceae	Chitinispirillum	Chitinispirillum alkaliphilum
G001242845	0	2	84563	1224	1236	91347	543	1699619	1594731	G001242845		Bacteria	ant, tsetse, mealybug, aphid, etc. endosymbionts	Proteobacteria	Gammaproteobacteria	Enterobacterales	Enterobacteriaceae	Candidatus Westeberhardia	Candidatus Westeberhardia cardiocondylae
G001312245	0	2	1783270	976	0	1100069	563843	29548	29549	G001312245		Bacteria	FCB group	Bacteroidetes		Bacteroidetes Order II. Incertae sedis	Rhodothermaceae	Rhodothermus	Rhodothermus marinus
G001312625	0	2	0	1224	1236	135623	641	511678	668	G001312625		Bacteria		Proteobacteria	Gammaproteobacteria	Vibrionales	Vibrionaceae	Aliivibrio	Aliivibrio fischeri
G001312805	0	2	0	1224	28221	29	49	224459	293647	G001312805		Bacteria		Proteobacteria	Deltaproteobacteria	Myxococcales	Polyangiaceae	Byssovorax	Byssovorax cruenta
G001399705	0	2	1783272	200795	32061	32064	1508635	186475	186479	G001399705		Bacteria	Terrabacteria group	Chloroflexi	Chloroflexia	Chloroflexales	Roseiflexaceae	Kouleothrix	Kouleothrix aurantiaca
G001462245	0	2	1783270	65842	204430	1812916	1812917	1812918	1704279	G001462245		Bacteria	FCB group	Fibrobacteres	Fibrobacteria	Fibromonadales	Fibromonadaceae	Candidatus Fibromonas	Candidatus Fibromonas termitidis
G001508035	0	2	1783272	1239	186801	68295	186814	44260	1635264	G001508035		Bacteria	Terrabacteria group	Firmicutes	Clostridia	Thermoanaerobacterales	Thermoanaerobacteraceae	Moorella	Moorella sp. 60_41
G001516055	0	2	1783272	1239	186801	186802	541019	342658	1734398	G001516055		Bacteria	Terrabacteria group	Firmicutes	Clostridia	Clostridiales	Gracilibacteraceae	Gracilibacter	Gracilibacter sp. BRH_c7a
G001592145	0	2	1783272	201174	1760	85006	85017	289244	101489	G001592145		Bacteria	Terrabacteria group	Actinobacteria	Actinobacteria	Micrococcales	Promicromonosporaceae	Xylanimicrobium	Xylanimicrobium pachnodae
G001594145	0	2	1783272	201174	1760	85006	145357	908251	1807500	G001594145		Bacteria	Terrabacteria group	Actinobacteria	Actinobacteria	Micrococcales	Dermacoccaceae	Branchiibius	Branchiibius sp. NY16-3462-2
G001618615	0	2	1783270	1729712	2152896	2152897	2152899	2152900	1729713	G001618615		Bacteria	FCB group	Candidatus Fermentibacteria	Candidatus Fermentibacteria (class)	Candidatus Fermentibacterales	Candidatus Fermentibacteraceae	Candidatus Fermentibacter	Candidatus Fermentibacter daniensis
G001618625	0	2	1783270	1729712	2152896	2152897	2152899	2152900	1729713	G001618625		Bacteria	FCB group	Candidatus Fermentibacteria	Candidatus Fermentibacteria (class)	Candidatus Fermentibacterales	Candidatus Fermentibacteraceae	Candidatus Fermentibacter	Candidatus Fermentibacter daniensis
G001689405	0	2	1783270	976	200643	171549	2005473	2005517	2005518	G001689405		Bacteria	FCB group	Bacteroidetes	Bacteroidia	Bacteroidales	Muribaculaceae	Candidatus Homeothermus	Candidatus Homeothermus arabinoxylanisolvens
G001725945	0	2	0	1224	28216	80840	119060	106589	1774745	G001725945		Bacteria		Proteobacteria	Betaproteobacteria	Burkholderiales	Burkholderiaceae	Cupriavidus	Cupriavidus sp. UYMMa02A
G001778325	0	2	1783234	1752728	0	0	0	0	1798007	G001778325		Bacteria	Parcubacteria group	Candidatus Falkowbacteria					Candidatus Falkowbacteria bacterium RIFOXYD2_FULL_34_120
G001896795	0	2	1783272	201174	1760	85012	2012	2019	1916083	G001896795		Bacteria	Terrabacteria group	Actinobacteria	Actinobacteria	Streptosporangiales	Thermomonosporaceae	Thermomonospora	Thermomonospora sp. CIF 1
G001897685	0	2	0	1224	28216	32003	2008790	919	1895861	G001897685		Bacteria		Proteobacteria	Betaproteobacteria	Nitrosomonadales	Thiobacillaceae	Thiobacillus	Thiobacillus sp. 65-1402
G002134785	0	2	0	1224	1236	135618	89377	200670	1880899	G002134785		Bacteria		Proteobacteria	Gammaproteobacteria	Methylococcales	Crenotrichaceae	Crenothrix	Crenothrix sp. D3
G002168195	0	2	1783257	203682	203683	112	126	0	1986833	G002168195		Bacteria	PVC group	Planctomycetes	Planctomycetia	Planctomycetales	Planctomycetaceae		Planctomycetaceae bacterium TMED10
G002200945	0	2	0	1224	28211	356	69277	68287	71433	G002200945		Bacteria		Proteobacteria	Alphaproteobacteria	Rhizobiales	Phyllobacteriaceae	Mesorhizobium	Mesorhizobium amorphae
G002238585	0	2	0	1224	1236	135619	2066474	1036132	1919249	G002238585		Bacteria		Proteobacteria	Gammaproteobacteria	Oceanospirillales	Endozoicomonadaceae	Kistimonas	Kistimonas sp. bin40
G002260745	0	2	0	1224	1236	91347	543	570	548	G002260745		Bacteria		Proteobacteria	Gammaproteobacteria	Enterobacterales	Enterobacteriaceae	Klebsiella	Klebsiella aerogenes
G002291575	0	2	1783270	976	117743	200644	49546	417127	398743	G002291575		Bacteria	FCB group	Bacteroidetes	Flavobacteriia	Flavobacteriales	Flavobacteriaceae	Zunongwangia	Zunongwangia profunda
G002293665	0	2	1783270	976	200643	171549	171550	239759	1946014	G002293665		Bacteria	FCB group	Bacteroidetes	Bacteroidia	Bacteroidales	Rikenellaceae	Alistipes	Alistipes sp. UBA928
G002330965	0	2	1783272	201174	1760	85006	85021	267408	1946055	G002330965		Bacteria	Terrabacteria group	Actinobacteria	Actinobacteria	Micrococcales	Intrasporangiaceae	Arsenicicoccus	Arsenicicoccus sp. UBA2120
G002337775	0	2	1783270	976	117747	200666	84566	28453	1947486	G002337775		Bacteria	FCB group	Bacteroidetes	Sphingobacteriia	Sphingobacteriales	Sphingobacteriaceae	Sphingobacterium	Sphingobacterium sp. UBA1897
G002342165	0	2	0	1224	28216	80840	80864	232523	1946609	G002342165		Bacteria		Proteobacteria	Betaproteobacteria	Burkholderiales	Comamonadaceae	Hylemonella	Hylemonella sp. UBA2468
G002360325	0	2	1783272	1239	91061	1385	90964	45669	1947452	G002360325		Bacteria	Terrabacteria group	Firmicutes	Bacilli	Bacillales	Staphylococcaceae	Salinicoccus	Salinicoccus sp. UBA3372
G002396305	0	2	1783270	976	200643	171549	171552	838	1947157	G002396305		Bacteria	FCB group	Bacteroidetes	Bacteroidia	Bacteroidales	Prevotellaceae	Prevotella	Prevotella sp. UBA4296
G002409095	0	2	1783272	1239	186801	186802	2304686	1637257	1946791	G002409095		Bacteria	Terrabacteria group	Firmicutes	Clostridia	Clostridiales	Hungateiclostridiaceae	Mageeibacillus	Mageeibacillus sp. UBA5238
G002416045	0	2	0	1224	28211	204455	31989	983507	1961370	G002416045		Bacteria		Proteobacteria	Alphaproteobacteria	Rhodobacterales	Rhodobacteraceae	Ponticoccus	Ponticoccus sp. UBA5052
G002434245	0	2	1783272	1239	909932	909929	1843490	365348	365349	G002434245		Bacteria	Terrabacteria group	Firmicutes	Negativicutes	Selenomonadales	Sporomusaceae	Pelosinus	Pelosinus fermentans
G002434405	0	2	0	1224	1236	72274	135621	286	1947331	G002434405		Bacteria		Proteobacteria	Gammaproteobacteria	Pseudomonadales	Pseudomonadaceae	Pseudomonas	Pseudomonas sp. UBA6554
G002452525	0	2	1783272	1239	186801	186802	186806	33951	1945908	G002452525		Bacteria	Terrabacteria group	Firmicutes	Clostridia	Clostridiales	Eubacteriaceae	Acetobacterium	Acetobacterium sp. UBA6819
G002457315	0	2	1783270	1853220	0	0	0	0	1986240	G002457315		Bacteria	FCB group	Rhodothermaeota					Rhodothermaeota bacterium MED-G19
G002483125	0	2	1783270	976	768503	768507	89373	319458	1946736	G002483125		Bacteria	FCB group	Bacteroidetes	Cytophagia	Cytophagales	Cytophagaceae	Leadbetterella	Leadbetterella sp. UBA7673
G002529645	0	2	1783272	201174	1760	85006	85023	2164137	1969409	G002529645		Bacteria	Terrabacteria group	Actinobacteria	Actinobacteria	Micrococcales	Microbacteriaceae	Candidatus Lumbricidophila	Candidatus Lumbricidophila eiseniae
G002634395	0	2	1783234	640293	0	0	0	1170227	2032687	G002634395		Bacteria		candidate division NC10				Candidatus Methylomirabilis	Candidatus Methylomirabilis sp.
G002716305	0	2	0	1224	1553900	2024979	263369	263370	2024850	G002716305		Bacteria		Proteobacteria	Oligoflexia	Bacteriovoracales	Bacteriovoracaceae	Peredibacter	Peredibacter sp.
G002731545	0	2	1783257	203682	203683	112	126	1649490	2024857	G002731545		Bacteria	PVC group	Planctomycetes	Planctomycetia	Planctomycetales	Planctomycetaceae	Rubinisphaera	Rubinisphaera sp.
G002733995	0	2	0	1224	28221	213118	213121	109168	2030813	G002733995		Bacteria		Proteobacteria	Deltaproteobacteria	Desulfobacterales	Desulfobulbaceae	Desulfotalea	Desulfotalea sp.
G002748455	0	2	1783272	201174	84992	84993	2448023	682522	467094	G002748455		Bacteria	Terrabacteria group	Actinobacteria	Acidimicrobiia	Acidimicrobiales	Ilumatobacteraceae	Ilumatobacter	Ilumatobacter coccineus
G002774635	0	2	1783234	1817907	0	0	0	0	2014244	G002774635		Bacteria	Parcubacteria group	Candidatus Kerfeldbacteria					Candidatus Kerfeldbacteria bacterium CG08_land_8_20_14_0_20_40_16
G002784125	0	2	1783270	976	768503	768507	89373	992	1975530	G002784125		Bacteria	FCB group	Bacteroidetes	Cytophagia	Cytophagales	Cytophagaceae	Flexibacter	Flexibacter sp. CG_4_10_14_3_um_filter_32_15
G002790365	0	2	1783270	1134404	795747	795748	0	0	1974043	G002790365		Bacteria	FCB group	Ignavibacteriae	Ignavibacteria	Ignavibacteriales			Ignavibacteriales bacterium CG_4_9_14_3_um_filter_30_11
G002794105	0	2	1783270	1090	191410	191411	1868322	1868323	1868324	G002794105		Bacteria	FCB group	Chlorobi	Chlorobia	Chlorobiales	Candidatus Thermochlorobacteriaceae	Candidatus Thermochlorobacter	Candidatus Thermochlorobacter aerophilum
G002796975	0	2	0	1224	28211	204441	41295	1231242	1917215	G002796975		Bacteria		Proteobacteria	Alphaproteobacteria	Rhodospirillales	Rhodospirillaceae	Ferrovibrio	Ferrovibrio sp.
G002839435	0	2	1783234	1817810	0	0	0	0	2013830	G002839435		Bacteria		Candidatus Riflebacteria					Candidatus Riflebacteria bacterium HGW-Riflebacteria-2
G002869945	0	2	0	1224	1236	91347	1903410	122277	554	G002869945		Bacteria		Proteobacteria	Gammaproteobacteria	Enterobacterales	Pectobacteriaceae	Pectobacterium	Pectobacterium carotovorum
G002878315	0	2	0	200918	188708	1769716	1769717	1495038	2060323	G002878315		Bacteria		Thermotogae	Thermotogae	Mesoaciditogales	Mesoaciditogaceae	Mesoaciditoga	Mesoaciditoga sp.
G003050565	0	2	1783272	1239	186801	68295	186814	1648500	933949	G003050565		Bacteria	Terrabacteria group	Firmicutes	Clostridia	Thermoanaerobacterales	Thermoanaerobacteraceae	Brockia	Brockia lithotrophica
G003070825	0	2	1783272	1239	186801	53433	972	2330	1895664	G003070825		Bacteria	Terrabacteria group	Firmicutes	Clostridia	Halanaerobiales	Halanaerobiaceae	Halanaerobium	Halanaerobium sp.
G003136295	0	2	1783272	2052312	0	0	0	0	2052315	G003136295		Bacteria	Terrabacteria group	Candidatus Dormibacteraeota					Candidatus Dormibacteraeota bacterium
G003226295	0	2	1783257	74201	414999	415001	415002	2480624	2200854	G003226295		Bacteria	PVC group	Verrucomicrobia	Opitutae	Puniceicoccales	Puniceicoccaceae	Candidatus Moanabacter	Candidatus Moanabacter tarae
G003229065	0	2	1783234	1752716	0	0	0	0	2080303	G003229065		Bacteria		Candidatus Dadabacteria					Candidatus Dadabacteria bacterium
G003242625	0	2	1783272	200795	189775	85001	85002	2056	2057	G003242625		Bacteria	Terrabacteria group	Chloroflexi	Thermomicrobia	Sphaerobacterales	Sphaerobacteraceae	Sphaerobacter	Sphaerobacter thermophilus
G003284275	0	2	0	1224	28211	54526	1655514	0	2162056	G003284275		Bacteria		Proteobacteria	Alphaproteobacteria	Pelagibacterales	Pelagibacteraceae		Pelagibacteraceae bacterium AG-313-A04
G003290465	0	2	1783234	200295	2315419	2315420	2315421	2315418	2250252	G003290465		Bacteria		Candidatus Sumerlaeota	Candidatus Sumerlaeia	Candidatus Sumerlaeales	Candidatus Sumerlaeaceae	Candidatus Sumerlaea	Candidatus Sumerlaea chitinovorans
G003402345	0	2	0	1224	28216	32003	90627	453161	2184311	G003402345		Bacteria		Proteobacteria	Betaproteobacteria	Nitrosomonadales	Gallionellaceae	Candidatus Nitrotoga	Candidatus Nitrotoga sp. MKT
G003451995	0	2	0	508458	649775	649776	649777	0	2053624	G003451995		Bacteria		Synergistetes	Synergistia	Synergistales	Synergistaceae		Synergistaceae bacterium
G003457145	0	2	1783272	1239	91061	1385	186817	1386	2053512	G003457145		Bacteria	Terrabacteria group	Firmicutes	Bacilli	Bacillales	Bacillaceae	Bacillus	Bacillus bacterium
G003483025	0	2	1783272	1239	186801	186802	186806	1730	142586	G003483025		Bacteria	Terrabacteria group	Firmicutes	Clostridia	Clostridiales	Eubacteriaceae	Eubacterium	Eubacterium sp.
G003514535	0	2	1783272	200795	32061	32064	1106	1107	1108	G003514535		Bacteria	Terrabacteria group	Chloroflexi	Chloroflexia	Chloroflexales	Chloroflexaceae	Chloroflexus	Chloroflexus aurantiacus
G003524445	0	2	1783272	1239	91061	186826	81852	697279	549685	G003524445		Bacteria	Terrabacteria group	Firmicutes	Bacilli	Lactobacillales	Enterococcaceae	Bavariicoccus	Bavariicoccus seileri
G003605055	0	2	0	1224	28221	453227	453228	453229	2093367	G003605055		Bacteria		Proteobacteria	Deltaproteobacteria	Desulfarculales	Desulfarculaceae	Desulfarculus	Desulfarculus sp.
G003644295	0	2	1783257	203682	0	0	0	0	2026780	G003644295		Bacteria	PVC group	Planctomycetes					Planctomycetes bacterium
G003650285	0	2	2498710	67814	0	0	0	0	2052147	G003650285		Bacteria	Caldiserica/Cryosericota group	Caldiserica					Caldiserica bacterium
G004000645	0	2	1783272	1239	186801	186802	541000	2527773	2500537	G004000645		Bacteria	Terrabacteria group	Firmicutes	Clostridia	Clostridiales	Ruminococcaceae	Candidatus Cibiobacter	Candidatus Cibiobacter qucibialis
G004210715	0	2	1783270	976	117747	200666	84566	84567	1411316	G004210715		Bacteria	FCB group	Bacteroidetes	Sphingobacteriia	Sphingobacteriales	Sphingobacteriaceae	Pedobacter	Pedobacter sp.
G004210805	0	2	0	1224	28216	80840	80864	12916	1872122	G004210805		Bacteria		Proteobacteria	Betaproteobacteria	Burkholderiales	Comamonadaceae	Acidovorax	Acidovorax sp.
G004211785	0	2	1783270	976	117743	200644	49546	286104	1883156	G004211785		Bacteria	FCB group	Bacteroidetes	Flavobacteriia	Flavobacteriales	Flavobacteriaceae	Winogradskyella	Winogradskyella sp.
G004213245	0	2	0	1224	1236	135613	72276	1558474	1958892	G004213245		Bacteria		Proteobacteria	Gammaproteobacteria	Chromatiales	Ectothiorhodospiraceae	Oceanococcus	Oceanococcus sp.
G004292595	0	2	1783270	1662329	0	0	0	0	2447898	G004292595		Bacteria	FCB group	Candidatus Kapabacteria					Candidatus Kapabacteria bacterium
G004299465	0	2	0	1224	1236	135618	403	762296	1916980	G004299465		Bacteria		Proteobacteria	Gammaproteobacteria	Methylococcales	Methylococcaceae	Methylovulum	Methylovulum sp.
G004307455	0	2	1783270	976	768503	768507	89373	2676247	2516557	G004307455		Bacteria	FCB group	Bacteroidetes	Cytophagia	Cytophagales	Cytophagaceae	Aquirufa	Aquirufa nivalisilvae
G004358745	0	2	0	1224	1236	135623	641	662	672	G004358745		Bacteria		Proteobacteria	Gammaproteobacteria	Vibrionales	Vibrionaceae	Vibrio	Vibrio vulnificus
G004769145	0	2	1783272	201174	1760	85006	85016	458839	43671	G004769145		Bacteria	Terrabacteria group	Actinobacteria	Actinobacteria	Micrococcales	Cellulomonadaceae	Actinotalea	Actinotalea fermentans
G005144965	0	2	0	1224	28211	204457	41297	1763827	1763828	G005144965		Bacteria		Proteobacteria	Alphaproteobacteria	Sphingomonadales	Sphingomonadaceae	Hankyongella	Hankyongella ginsenosidimutans
G005240015	0	2	0	1224	28211	1921002	1777752	84646	84647	G005240015		Bacteria		Proteobacteria	Alphaproteobacteria	Holosporales	Candidatus Paracaedibacteraceae	Candidatus Odyssella	Candidatus Odyssella thessalonicensis
G007115975	0	2	1783270	65842	1860136	1860137	1860138	1860139	1962313	G007115975		Bacteria	FCB group	Fibrobacteres	Chitinispirillia	Chitinispirillales	Chitinispirillaceae	Chitinispirillum	Chitinispirillum sp.
G007117055	0	2	1783270	976	117743	200644	1853230	559293	2497594	G007117055		Bacteria	FCB group	Bacteroidetes	Flavobacteriia	Flavobacteriales	Crocinitomicaceae	Lishizhenia	Lishizhenia sp.
G007118815	0	2	1783270	976	768503	768507	563798	1187078	1898110	G007118815		Bacteria	FCB group	Bacteroidetes	Cytophagia	Cytophagales	Cyclobacteriaceae	Cecembia	Cecembia sp.
G007859155	0	2	1783257	204428	204429	1963360	92714	71666	71667	G007859155		Bacteria	PVC group	Chlamydiae	Chlamydiia	Parachlamydiales	Waddliaceae	Waddlia	Waddlia chondrophila
G008086245	0	2	1783234	2703810	2703811	2703812	2703813	2703814	2703815	G008086245		Bacteria		Candidatus Mcinerneyibacteriota	Candidatus Mcinerneyibacteria	Candidatus Mcinerneyibacteriales	Candidatus Mcinerneyibacteriaceae	Candidatus Mcinerneyibacterium	Candidatus Mcinerneyibacterium aminivorans
G009360585	0	2	1783270	976	117743	200644	49546	59732	1871047	G009360585		Bacteria	FCB group	Bacteroidetes	Flavobacteriia	Flavobacteriales	Flavobacteriaceae	Chryseobacterium	Chryseobacterium sp.
G009773875	0	2	0	1224	1236	91347	543	547	158836	G009773875		Bacteria		Proteobacteria	Gammaproteobacteria	Enterobacterales	Enterobacteriaceae	Enterobacter	Enterobacter hormaechei
G009881125	0	2	1783272	1239	186801	186802	543313	65402	1872102	G009881125		Bacteria	Terrabacteria group	Firmicutes	Clostridia	Clostridiales	Clostridiales Family XII. Incertae Sedis	Acidaminobacter	Acidaminobacter sp.
G011620315	0	2	0	1224	28216	32003	90627	314343	2067989	G011620315		Bacteria		Proteobacteria	Betaproteobacteria	Nitrosomonadales	Gallionellaceae	Sideroxydans	Sideroxydans sp.
G012026935	0	2	1783270	1134404	795747	795748	1334117	1134403	2052167	G012026935		Bacteria	FCB group	Ignavibacteriae	Ignavibacteria	Ignavibacteriales	Melioribacteraceae	Melioribacter	Melioribacter sp.
G012032775	0	2	1783272	200795	32061	32064	104174	104175	2547424	G012032775		Bacteria	Terrabacteria group	Chloroflexi	Chloroflexia	Chloroflexales	Oscillochloridaceae	Oscillochloris	Oscillochloris sp.
G012516825	0	2	1783270	976	200643	171549	1840213	1840214	2034841	G012516825		Bacteria	FCB group	Bacteroidetes	Bacteroidia	Bacteroidales	Lentimicrobiaceae	Lentimicrobium	Lentimicrobium sp.
G012522935	0	2	1783270	456828	0	0	0	0	2030808	G012522935		Bacteria	FCB group	Candidatus Cloacimonetes					Candidatus Cloacimonetes bacterium
G012523295	0	2	1783270	976	200643	171549	171551	0	2049046	G012523295		Bacteria	FCB group	Bacteroidetes	Bacteroidia	Bacteroidales	Porphyromonadaceae		Porphyromonadaceae bacterium
G012719455	0	2	0	57723	0	0	0	0	1978231	G012719455		Bacteria		Acidobacteria					Acidobacteria bacterium
G012798155	0	2	1783257	203682	203683	2691354	2691358	1676125	1962930	G012798155		Bacteria	PVC group	Planctomycetes	Planctomycetia	Pirellulales	Thermoguttaceae	Thermogutta	Thermogutta sp.
G012838125	0	2	1783272	1239	186801	186802	541000	100175	2699752	G012838125		Bacteria	Terrabacteria group	Firmicutes	Clostridia	Clostridiales	Ruminococcaceae	Papillibacter	Papillibacter sp.
G012838785	0	2	1783270	976	200643	171549	171551	1784836	1562970	G012838785		Bacteria	FCB group	Bacteroidetes	Bacteroidia	Bacteroidales	Porphyromonadaceae	Fermentimonas	Fermentimonas caenicola
G012842545	0	2	0	2138240	2138243	2138246	2138247	68335	55509	G012842545		Bacteria		Coprothermobacterota	Coprothermobacteria	Coprothermobacterales	Coprothermobacteraceae	Coprothermobacter	Coprothermobacter sp.
G012961745	0	2	1783257	134625	1921781	0	0	0	2212473	G012961745		Bacteria	PVC group	Kiritimatiellaeota	Kiritimatiellae				Kiritimatiellae bacterium
G013002205	0	2	0	1224	1236	135613	449719	437504	1943584	G013002205		Bacteria		Proteobacteria	Gammaproteobacteria	Chromatiales	Granulosicoccaceae	Granulosicoccus	Granulosicoccus sp.
G900120415	0	2	1783272	1239	1737404	1737405	1737406	1965226	1870994	G900120415		Bacteria	Terrabacteria group	Firmicutes	Tissierellia	Tissierellales	Tissierellaceae	Urmitella	Urmitella timonensis
G900240255	0	2	1783272	201174	1760	85006	1268	169133	2045010	G900240255		Bacteria	Terrabacteria group	Actinobacteria	Actinobacteria	Micrococcales	Micrococcaceae	Citricoccus	Citricoccus massiliensis
G900290095	0	2	1783272	1239	1737404	1737405	1570339	2010182	1871001	G900290095		Bacteria	Terrabacteria group	Firmicutes	Tissierellia	Tissierellales	Peptoniphilaceae	Khoudiadiopia	Khoudiadiopia massiliensis
G900322255	0	2	0	1224	28216	206351	481	206375	1056810	G900322255		Bacteria		Proteobacteria	Betaproteobacteria	Neisseriales	Neisseriaceae	Prolinoborus	Prolinoborus fasciculus
G900475325	0	2	0	1224	28216	80840	119060	157932	29443	G900475325		Bacteria		Proteobacteria	Betaproteobacteria	Burkholderiales	Burkholderiaceae	Paucimonas	Paucimonas lemoignei
G902388795	0	2	1783272	1239	186801	186802	543314	1935192	1935195	G902388795		Bacteria	Terrabacteria group	Firmicutes	Clostridia	Clostridiales	Clostridiales Family XIII. Incertae Sedis	Mobilibacterium	uncultured Mobilibacterium sp.
G902566065	0	2	1783257	203682	203683	2691354	2691359	1400386	1678690	G902566065		Bacteria	PVC group	Planctomycetes	Planctomycetia	Pirellulales	Lacipirellulaceae	Bythopirellula	uncultured Bythopirellula sp.
G902619825	0	2	1783272	201174	1760	1389450	1389452	1389453	1985113	G902619825		Bacteria	Terrabacteria group	Actinobacteria	Actinobacteria	Candidatus Actinomarinales	Candidatus Actinomarinaceae	Candidatus Actinomarina	uncultured Candidatus Actinomarina sp.
G000007005	0	2157	0	28889	183924	2281	118883	2284	2287	G000007005		Archaea		Crenarchaeota	Thermoprotei	Sulfolobales	Sulfolobaceae	Sulfolobus	Sulfolobus	solfataricus
G000007185	0	2157	0	28890	183988	68985	183713	2319	2320	G000007185		Archaea		Euryarchaeota	Methanopyri	Methanopyrales	Methanopyraceae	Methanopyrus	Methanopyrus	kandleri
G000009965	0	2157	0	28890	183968	2258	2259	2263	311400	G000009965		Archaea		Euryarchaeota	Thermococci	Thermococcales	Thermococcaceae	Thermococcus	Thermococcus	kodakarensis
G000011125	0	2157	0	28889	183924	114380	2272	56635	56636	G000011125		Archaea		Crenarchaeota	Thermoprotei	Desulfurococcales	Desulfurococcaceae	Aeropyrum	Aeropyrum	pernix
G000016385	0	2157	0	28889	183924	2266	2267	2276	121277	G000016385		Archaea		Crenarchaeota	Thermoprotei	Thermoproteales	Thermoproteaceae	Pyrobaculum	Pyrobaculum	arsenaticum
G000016525	0	2157	0	28890	183925	2158	2159	2172	2173	G000016525		Archaea		Euryarchaeota	Methanobacteria	Methanobacteriales	Methanobacteriaceae	Methanobrevibacter	Methanobrevibacter	smithii
G000017185	0	2157	0	28890	183939	2182	2183	2184	42879	G000017185		Archaea		Euryarchaeota	Methanococci	Methanococcales	Methanococcaceae	Methanococcus	Methanococcus	aeolicus
G000018365	0	2157	0	28890	183968	2258	2259	2263	342948	G000018365		Archaea		Euryarchaeota	Thermococci	Thermococcales	Thermococcaceae	Thermococcus	Thermococcus	onnurineus
G000019605	0	2157	0	51967	0	0	0	498845	498846	G000019605		Archaea		Candidatus	Korarchaeota				Candidatus	Korarchaeum	Candidatus	Korarchaeum	cryptofilum
G000022365	0	2157	0	28890	183968	2258	2259	2263	187878	G000022365		Archaea		Euryarchaeota	Thermococci	Thermococcales	Thermococcaceae	Thermococcus	Thermococcus	gammatolerans
G000024305	0	2157	0	28889	183924	2281	118883	2284	43080	G000024305		Archaea		Crenarchaeota	Thermoprotei	Sulfolobales	Sulfolobaceae	Sulfolobus	Sulfolobus	islandicus
G000091665	0	2157	0	28890	183939	2182	196117	196118	2190	G000091665		Archaea		Euryarchaeota	Methanococci	Methanococcales	Methanocaldococcaceae	Methanocaldococcus	Methanocaldococcus	jannaschii
G000145295	0	2157	0	28890	183925	2158	2159	145260	145263	G000145295		Archaea		Euryarchaeota	Methanobacteria	Methanobacteriales	Methanobacteriaceae	Methanothermobacter	Methanothermobacter	marburgensis
G000151105	0	2157	0	28890	183968	2258	2259	2263	55802	G000151105		Archaea		Euryarchaeota	Thermococci	Thermococcales	Thermococcaceae	Thermococcus	Thermococcus	barophilus
G000166095	0	2157	0	28890	183925	2158	2178	2179	2180	G000166095		Archaea		Euryarchaeota	Methanobacteria	Methanobacteriales	Methanothermaceae	Methanothermus	Methanothermus	fervidus
G000186365	0	2157	0	28889	183924	114380	2272	2273	2275	G000186365		Archaea		Crenarchaeota	Thermoprotei	Desulfurococcales	Desulfurococcaceae	Desulfurococcus	Desulfurococcus	mucosus
G000189555	0	2157	0	28889	183924	2281	118883	2284	43080	G000189555		Archaea		Crenarchaeota	Thermoprotei	Sulfolobales	Sulfolobaceae	Sulfolobus	Sulfolobus	islandicus
G000190155	0	2157	0	28890	183925	2158	2159	2172	2173	G000190155		Archaea		Euryarchaeota	Methanobacteria	Methanobacteriales	Methanobacteriaceae	Methanobrevibacter	Methanobrevibacter	smithii
G000195935	0	2157	0	28890	183968	2258	2259	2260	29292	G000195935		Archaea		Euryarchaeota	Thermococci	Thermococcales	Thermococcaceae	Pyrococcus	Pyrococcus	abyssi
G000204585	0	2157	0	651137	0	31932	338190	1007082	1007084	G000204585		Archaea		Thaumarchaeota		Nitrosopumilales	Nitrosopumilaceae	Candidatus	Nitrosoarchaeum	Candidatus	Nitrosoarchaeum	limnia
G000215995	0	2157	0	28890	183968	2258	2259	2260	1008460	G000215995		Archaea		Euryarchaeota	Thermococci	Thermococcales	Thermococcaceae	Pyrococcus	Pyrococcus	yayanosii
G000220645	0	2157	0	28890	183939	2182	2183	2184	39152	G000220645		Archaea		Euryarchaeota	Methanococci	Methanococcales	Methanococcaceae	Methanococcus	Methanococcus	maripaludis
G000221185	0	2157	0	28890	183968	2258	2259	2263	1042877	G000221185		Archaea		Euryarchaeota	Thermococci	Thermococcales	Thermococcaceae	Thermococcus	Thermococcus	sp.	4557
G000223395	0	2157	0	28889	183924	114380	2307	54251	54252	G000223395		Archaea		Crenarchaeota	Thermoprotei	Desulfurococcales	Pyrodictiaceae	Pyrolobus	Pyrolobus	fumarii
G000231015	0	2157	0	28889	183924	114380	2272	2273	228748	G000231015		Archaea		Crenarchaeota	Thermoprotei	Desulfurococcales	Desulfurococcaceae	Desulfurococcus	Desulfurococcus	fermentans
G000242875	0	2157	0	651137	0	31932	338190	338191	1170320	G000242875		Archaea		Thaumarchaeota		Nitrosopumilales	Nitrosopumilaceae	Nitrosopumilus	Candidatus	Nitrosopumilus	salaria
G000243455	0	2157	0	28890	183939	2182	196117	196119	213185	G000243455		Archaea		Euryarchaeota	Methanococci	Methanococcales	Methanocaldococcaceae	Methanotorris	Methanotorris	formicicus
G000245135	0	2157	0	28889	183924	2281	118883	2284	43080	G000245135		Archaea		Crenarchaeota	Thermoprotei	Sulfolobales	Sulfolobaceae	Sulfolobus	Sulfolobus	islandicus
G000253055	0	2157	0	28889	183924	2266	2267	2270	2271	G000253055		Archaea		Crenarchaeota	Thermoprotei	Thermoproteales	Thermoproteaceae	Thermoproteus	Thermoproteus	tenax
G000264495	0	2157	0	28889	183924	114380	2272	477695	1200300	G000264495		Archaea		Crenarchaeota	Thermoprotei	Desulfurococcales	Desulfurococcaceae	Thermogladius	Thermogladius	cellulolyticus
G000302455	0	2157	0	28890	183925	2158	2159	2160	2162	G000302455		Archaea		Euryarchaeota	Methanobacteria	Methanobacteriales	Methanobacteriaceae	Methanobacterium	Methanobacterium	formicicum
G000317795	0	2157	0	28889	183924	871006	255472	200414	200415	G000317795		Archaea		Crenarchaeota	Thermoprotei	Acidilobales	Caldisphaeraceae	Caldisphaera	Caldisphaera	lagunensis
G000363885	0	2157	0	28890	183939	2182	196117	196118	667126	G000363885		Archaea		Euryarchaeota	Methanococci	Methanococcales	Methanocaldococcaceae	Methanocaldococcus	Methanocaldococcus	villosus
G000375685	0	2157	0	28889	0	0	0	0	1130305	G000375685		Archaea		Crenarchaeota					crenarchaeote	SCGC	AAA261-N23
G000389735	0	2157	0	28889	183924	2281	0	0	1294123	G000389735		Archaea		Crenarchaeota	Thermoprotei	Sulfolobales			Sulfolobales	archaeon	Acd1
G000399765	0	2157	0	651137	0	0	0	0	1131266	G000399765		Archaea		Thaumarchaeota					Marine	Group	I	thaumarchaeote	SCGC	AB-629-I23
G000402095	0	2157	0	28889	0	0	0	0	1052804	G000402095		Archaea		Crenarchaeota					Crenarchaeota	archaeon	SCGC	AAA471-L13
G000437835	0	2157	0	28890	224756	2191	2194	45989	1262903	G000437835		Archaea		Euryarchaeota	Methanomicrobia	Methanomicrobiales	Methanomicrobiaceae	Methanoculleus	Methanoculleus	sp.	CAG:1088
G000446015	0	2157	0	28889	183924	2266	114378	2268	1365176	G000446015		Archaea		Crenarchaeota	Thermoprotei	Thermoproteales	Thermofilaceae	Thermofilum	Thermofilum	adornatus
G000495715	0	2157	0	28889	183924	871006	871007	105850	1410575	G000495715		Archaea		Crenarchaeota	Thermoprotei	Acidilobales	Acidilobaceae	Acidilobus	uncultured	Acidilobus	sp.	OSP8
G000730285	0	2157	0	651137	1643678	1033996	1033997	497726	1459637	G000730285		Archaea		Thaumarchaeota	Nitrososphaeria	Nitrososphaerales	Nitrososphaeraceae	Nitrososphaera	Candidatus	Nitrososphaera	evergladensis
G000746745	0	2157	0	651137	0	0	0	0	1503183	G000746745		Archaea		Thaumarchaeota					Marine	Group	I	thaumarchaeote	SCGC	RSA3
G000816105	0	2157	0	28890	183968	2258	2259	2263	110164	G000816105		Archaea		Euryarchaeota	Thermococci	Thermococcales	Thermococcaceae	Thermococcus	Thermococcus	guaymasensis
G000830275	0	2157	0	0	0	0	0	0	1579370	G000830275		Archaea							archaeon	GW2011_AR10
G000830295	0	2157	0	0	0	0	0	0	1579373	G000830295		Archaea							archaeon	GW2011_AR15
G000875775	0	2157	0	651137	0	31932	338190	338191	1582439	G000875775		Archaea		Thaumarchaeota		Nitrosopumilales	Nitrosopumilaceae	Nitrosopumilus	Candidatus	Nitrosopumilus	piranensis
G000955905	0	2157	0	651137	0	0	0	1825023	1603555	G000955905		Archaea		Thaumarchaeota				Candidatus	Nitrosotenuis	Candidatus	Nitrosotenuis	cloacae
G000966265	0	2157	0	28890	183968	2258	2259	83867	83868	G000966265		Archaea		Euryarchaeota	Thermococci	Thermococcales	Thermococcaceae	Palaeococcus	Palaeococcus	ferrophilus
G001189275	0	2157	0	28889	183924	2266	2267	2276	1227555	G001189275		Archaea		Crenarchaeota	Thermoprotei	Thermoproteales	Thermoproteaceae	Pyrobaculum	Pyrobaculum	sp.	WP30
G001315825	0	2157	0	28889	183924	2281	118883	41980	79601	G001315825		Archaea		Crenarchaeota	Thermoprotei	Sulfolobales	Sulfolobaceae	Metallosphaera	Metallosphaera	hakonensis
G001316025	0	2157	0	28889	183924	2266	2267	164450	164452	G001316025		Archaea		Crenarchaeota	Thermoprotei	Thermoproteales	Thermoproteaceae	Vulcanisaeta	Vulcanisaeta	souniana
G001316045	0	2157	0	28889	183924	2281	118883	2284	47303	G001316045		Archaea		Crenarchaeota	Thermoprotei	Sulfolobales	Sulfolobaceae	Sulfolobus	Sulfolobus	metallicus
G001316145	0	2157	0	28889	183924	2266	2267	164450	164451	G001316145		Archaea		Crenarchaeota	Thermoprotei	Thermoproteales	Thermoproteaceae	Vulcanisaeta	Vulcanisaeta	distributa
G001316265	0	2157	0	28889	183924	2266	2267	164450	1295371	G001316265		Archaea		Crenarchaeota	Thermoprotei	Thermoproteales	Thermoproteaceae	Vulcanisaeta	Vulcanisaeta	sp.	JCM	16159
G001317345	0	2157	0	28890	183968	2258	2259	2263	1591054	G001317345		Archaea		Euryarchaeota	Thermococci	Thermococcales	Thermococcaceae	Thermococcus	Thermococcus	sp.	EP1
G001399695	0	2157	0	28890	183967	2301	90142	507753	507754	G001399695		Archaea		Euryarchaeota	Thermoplasmata	Thermoplasmatales	Ferroplasmaceae	Acidiplasma	Acidiplasma	aeolicum
G001399795	0	2157	0	928852	0	0	0	0	1700836	G001399795		Archaea		Candidatus	Bathyarchaeota					Candidatus	Bathyarchaeota	archaeon	BA2
G001402855	0	2157	0	28890	224756	94695	2206	2207	1653396	G001402855		Archaea		Euryarchaeota	Methanomicrobia	Methanosarcinales	Methanosarcinaceae	Methanosarcina	Methanosarcina	sp.	795
G001412615	0	2157	0	28889	183924	114380	2307	2308	1273541	G001412615		Archaea		Crenarchaeota	Thermoprotei	Desulfurococcales	Pyrodictiaceae	Pyrodictium	Pyrodictium	delaneyi
G001438895	0	2157	0	651137	0	31932	338190	338191	1655560	G001438895		Archaea		Thaumarchaeota		Nitrosopumilales	Nitrosopumilaceae	Nitrosopumilus	Nitrosopumilus	sp.	BACL13	MAG-120910-bin56
G001481595	0	2157	0	28889	183924	2281	118883	2284	2285	G001481595		Archaea		Crenarchaeota	Thermoprotei	Sulfolobales	Sulfolobaceae	Sulfolobus	Sulfolobus	acidocaldarius
G001484685	0	2157	0	28890	183968	2258	2259	2263	1674923	G001484685		Archaea		Euryarchaeota	Thermococci	Thermococcales	Thermococcaceae	Thermococcus	Thermococcus	sp.	2319x1
G001507935	0	2157	0	28890	183968	2258	0	0	1635283	G001507935		Archaea		Euryarchaeota	Thermococci	Thermococcales			Thermococcales	archaeon	44_46
G001508175	0	2157	0	28890	183968	2258	2259	2263	1641381	G001508175		Archaea		Euryarchaeota	Thermococci	Thermococcales	Thermococcaceae	Thermococcus	Thermococcus	sp.	40_45
G001510225	0	2157	0	651137	0	0	0	0	1661711	G001510225		Archaea		Thaumarchaeota					Thaumarchaeota	archaeon	casp-thauma1
G001510275	0	2157	0	651137	0	0	0	0	1661713	G001510275		Archaea		Thaumarchaeota					Thaumarchaeota	archaeon	casp-thauma3
G001510295	0	2157	0	651137	0	0	0	0	1661714	G001510295		Archaea		Thaumarchaeota					Thaumarchaeota	archaeon	casp-thauma4
G001515215	0	2157	0	28890	1775750	0	0	0	1776333	G001515215		Archaea		Euryarchaeota	Hadesarchaea				Hadesarchaea	archaeon	YNP_N21
G001516665	0	2157	0	28889	183924	2266	2267	2270	1714257	G001516665		Archaea		Crenarchaeota	Thermoprotei	Thermoproteales	Thermoproteaceae	Thermoproteus	Thermoproteus	sp.	CIS_19
G001516725	0	2157	0	28889	183924	2266	2267	76886	1714256	G001516725		Archaea		Crenarchaeota	Thermoprotei	Thermoproteales	Thermoproteaceae	Caldivirga	Caldivirga	sp.	MG_3
G001516745	0	2157	0	28889	183924	2266	2267	164450	1714251	G001516745		Archaea		Crenarchaeota	Thermoprotei	Thermoproteales	Thermoproteaceae	Vulcanisaeta	Vulcanisaeta	sp.	CIS_19
G001560165	0	2157	0	28889	183924	2281	118883	2284	2285	G001560165		Archaea		Crenarchaeota	Thermoprotei	Sulfolobales	Sulfolobaceae	Sulfolobus	Sulfolobus	acidocaldarius
G001560565	0	2157	0	28889	183924	2281	118883	2284	2285	G001560565		Archaea		Crenarchaeota	Thermoprotei	Sulfolobales	Sulfolobaceae	Sulfolobus	Sulfolobus	acidocaldarius
G001563335	0	2157	0	1706441	0	0	0	0	1706444	G001563335		Archaea		Candidatus	Thorarchaeota					Candidatus	Thorarchaeota	archaeon	SMTZ1-45
G001577775	0	2157	0	28890	183968	2258	2259	2260	1609559	G001577775		Archaea		Euryarchaeota	Thermococci	Thermococcales	Thermococcaceae	Pyrococcus	Pyrococcus	kukulkanii
G001587655	0	2157	0	28890	224756	0	0	0	1706436	G001587655		Archaea		Euryarchaeota	Methanomicrobia				Arc	I	group	archaeon	B03fssc0709_Meth_Bin005
G001593925	0	2157	0	928852	0	0	0	0	1779370	G001593925		Archaea		Candidatus	Bathyarchaeota					Candidatus	Bathyarchaeota	archaeon	B26-1
G001595885	0	2157	0	28890	0	0	0	0	1803822	G001595885		Archaea		Euryarchaeota					Euryarchaeota	archaeon	SG8-5
G001627075	0	2157	0	651137	0	0	0	1593364	1811584	G001627075		Archaea		Thaumarchaeota				Candidatus	Nitrosopelagicus	Nitrosopelagicus	sp.	REDSEA-S25_B3
G001628455	0	2157	0	28890	0	0	0	0	1811650	G001628455		Archaea		Euryarchaeota					Marine	group	II	euryarchaeote	REDSEA-S10_B2
G001628475	0	2157	0	28890	0	0	0	0	1811652	G001628475		Archaea		Euryarchaeota					Marine	group	II	euryarchaeote	REDSEA-S19_B7N8
G001674955	0	2157	0	651137	0	31932	338190	338191	1679446	G001674955		Archaea		Thaumarchaeota		Nitrosopumilales	Nitrosopumilaceae	Nitrosopumilus	Candidatus	Nitrosopumilus	sp.	DDS1
G001717005	0	2157	0	1915410	1915413	1915414	1915415	1915411	1867258	G001717005		Archaea		Candidatus	Verstraetearchaeota	Candidatus	Methanomethylia	Candidatus	Methanomethyliales	Candidatus	Methanomethyliaceae	Candidatus	Methanomethylicus	Candidatus	Methanomethylicus	mesodigestum
G001723845	0	2157	0	28890	0	1803511	0	0	1849261	G001723845		Archaea		Euryarchaeota		Candidatus	Altiarchaeales			Candidatus	Altiarchaeales	archaeon	WOR_SM1_SCG
G001729285	0	2157	0	28890	183925	2158	2159	2160	1860100	G001729285		Archaea		Euryarchaeota	Methanobacteria	Methanobacteriales	Methanobacteriaceae	Methanobacterium	Methanobacterium	sp.	A39
G001776015	0	2157	0	928852	0	0	0	0	1797382	G001776015		Archaea		Candidatus	Bathyarchaeota					Candidatus	Bathyarchaeota	archaeon	RBG_16_57_9
G001856825	0	2157	0	28890	183967	2301	0	0	667138	G001856825		Archaea		Euryarchaeota	Thermoplasmata	Thermoplasmatales			Thermoplasmatales	archaeon	I-plasma
G001870125	0	2157	0	651137	1643678	1033996	1033997	1826864	1826872	G001870125		Archaea		Thaumarchaeota	Nitrososphaeria	Nitrososphaerales	Nitrososphaeraceae	Candidatus	Nitrosocosmicus	Candidatus	Nitrosocosmicus	sp.	G61
G001914405	0	2157	0	28890	0	0	0	0	1903181	G001914405		Archaea		Euryarchaeota					Euryarchaeota	archaeon	HMET1
G001918455	0	2157	0	651137	0	0	0	0	1805392	G001918455		Archaea		Thaumarchaeota					Thaumarchaeota	archaeon	13_1_40CM_3_50_5
G001918475	0	2157	0	651137	0	0	0	0	1805390	G001918475		Archaea		Thaumarchaeota					Thaumarchaeota	archaeon	13_1_40CM_3_38_6
G001919175	0	2157	0	28889	0	0	0	0	1805092	G001919175		Archaea		Crenarchaeota					Crenarchaeota	archaeon	13_1_40CM_2_52_14
G001920575	0	2157	0	28889	0	0	0	0	1805094	G001920575		Archaea		Crenarchaeota					Crenarchaeota	archaeon	13_1_20CM_2_53_14
G001940645	0	2157	0	0	0	0	0	0	1841598	G001940645		Archaea							Candidatus	Heimdallarchaeota	archaeon	LC_3
G001940655	0	2157	0	1655434	0	0	0	0	1849166	G001940655		Archaea		Candidatus	Lokiarchaeota					Candidatus	Lokiarchaeota	archaeon	CR_4
G001940665	0	2157	0	1936271	0	0	0	0	1841599	G001940665		Archaea		Candidatus	Odinarchaeota					Candidatus	Odinarchaeota	archaeon	LCB_4
G002009975	0	2157	0	28890	183968	2258	2259	2263	1935003	G002009975		Archaea		Euryarchaeota	Thermococci	Thermococcales	Thermococcaceae	Thermococcus	Thermococcus	sp.	JdFR-02
G002011035	0	2157	0	928852	0	0	0	0	1935119	G002011035		Archaea		Candidatus	Bathyarchaeota					Candidatus	Bathyarchaeota	archaeon	JdFR-11
G002011075	0	2157	0	0	0	0	0	0	1935120	G002011075		Archaea							Candidatus	Geothermarchaeota	archaeon	JdFR-13
G900109425	0	2157	0	28890	183968	2258	2259	2263	277988	G900109425		Archaea		Euryarchaeota	Thermococci	Thermococcales	Thermococcaceae	Thermococcus	Thermococcus	thioreducens
